STRUCTURE,STRUCTURE_ID,STRUCTURE_NAME,ACTION,REF_AREA,Reference area,SEX,Sex,AGE,Age,ATTAINMENT_LEV,Educational attainment level,EDUCATION_FIELD,Field of education,MEASURE,Measure,INCOME,Income,BIRTH_PLACE,Place of birth,MIGRATION_AGE,Age at migration,EDU_STATUS,Education status,LABOUR_FORCE_STATUS,Labour force status,DURATION_UNEMP,Unemployment duration,UNIT_MEASURE,Unit of measure,STATISTICAL_OPERATION,Statistical operation,WORK_TIME_ARNGMNT,Work time arrangement,QUESTIONNAIRE,Questionnaire name,FREQ,Frequency of observation,TIME_PERIOD,Time period,OBS_VALUE,Observation value,OBS_STATUS,Observation status,CONF_STATUS,Confidentiality status,UNIT_MULT,Unit multiplier,DECIMALS,Decimals
DATAFLOW,OECD.EDU.IMEP:DSD_EAG_LSO_EA@DF_LSO_EARN_DISTR_MEDIAN(1.0),"Earners distribution based on their level of earnings relative to the overall median, by age group, gender and educational attainment level",I,LTU,Lithuania,_T,Total,Y25T64,From 25 to 64 years,ISCED11A_0T2,Below upper secondary education,_T,Total,POP,Population,MIGT_100,Above 100% of median income,_T,Total,_Z,Not applicable,ED_NED,In education or not in education,EMP,Employment,_Z,Not applicable,PT_POP_SUB,Percentage of population in the same subgroup,OBS,Observed,_T,Total,EARNINGS,LSO-EARNINGS regular data collection,A,Annual,2022,,29.42476272583008,,A,Normal value,,,0,Units,1,One
DATAFLOW,OECD.EDU.IMEP:DSD_EAG_LSO_EA@DF_LSO_EARN_DISTR_MEDIAN(1.0),"Earners distribution based on their level of earnings relative to the overall median, by age group, gender and educational attainment level",I,LTU,Lithuania,_T,Total,Y25T64,From 25 to 64 years,ISCED11A_5T8,Tertiary education,_T,Total,POP,Population,MIGT_100_LE150,Above 100% but at or below 150% of median income,_T,Total,_Z,Not applicable,ED_NED,In education or not in education,EMP,Employment,_Z,Not applicable,PT_POP_SUB,Percentage of population in the same subgroup,OBS,Observed,_T,Total,EARNINGS,LSO-EARNINGS regular data collection,A,Annual,2022,,24.9011287689209,,A,Normal value,,,0,Units,1,One
DATAFLOW,OECD.EDU.IMEP:DSD_EAG_LSO_EA@DF_LSO_EARN_DISTR_MEDIAN(1.0),"Earners distribution based on their level of earnings relative to the overall median, by age group, gender and educational attainment level",I,LTU,Lithuania,_T,Total,Y25T64,From 25 to 64 years,ISCED11A_0T2,Below upper secondary education,_T,Total,POP,Population,MIGT_200,Above 200% of median income,_T,Total,_Z,Not applicable,ED_NED,In education or not in education,EMP,Employment,_Z,Not applicable,PT_POP_SUB,Percentage of population in the same subgroup,OBS,Observed,_T,Total,EARNINGS,LSO-EARNINGS regular data collection,A,Annual,2022,,2.357476711273193,,A,Normal value,,,0,Units,1,One
DATAFLOW,OECD.EDU.IMEP:DSD_EAG_LSO_EA@DF_LSO_EARN_DISTR_MEDIAN(1.0),"Earners distribution based on their level of earnings relative to the overall median, by age group, gender and educational attainment level",I,LTU,Lithuania,_T,Total,Y25T64,From 25 to 64 years,ISCED11A_3_4,Upper secondary or post-secondary non-tertiary education,_T,Total,POP,Population,MIGT_100,Above 100% of median income,_T,Total,_Z,Not applicable,ED_NED,In education or not in education,EMP,Employment,_Z,Not applicable,PT_POP_SUB,Percentage of population in the same subgroup,OBS,Observed,_T,Total,EARNINGS,LSO-EARNINGS regular data collection,A,Annual,2022,,35.01250839233398,,A,Normal value,,,0,Units,1,One
DATAFLOW,OECD.EDU.IMEP:DSD_EAG_LSO_EA@DF_LSO_EARN_DISTR_MEDIAN(1.0),"Earners distribution based on their level of earnings relative to the overall median, by age group, gender and educational attainment level",I,LTU,Lithuania,_T,Total,Y25T64,From 25 to 64 years,ISCED11A_3_4,Upper secondary or post-secondary non-tertiary education,_T,Total,POP,Population,MIGT_200,Above 200% of median income,_T,Total,_Z,Not applicable,ED_NED,In education or not in education,EMP,Employment,_Z,Not applicable,PT_POP_SUB,Percentage of population in the same subgroup,OBS,Observed,_T,Total,EARNINGS,LSO-EARNINGS regular data collection,A,Annual,2022,,3.509693145751953,,A,Normal value,,,0,Units,1,One
DATAFLOW,OECD.EDU.IMEP:DSD_EAG_LSO_EA@DF_LSO_EARN_DISTR_MEDIAN(1.0),"Earners distribution based on their level of earnings relative to the overall median, by age group, gender and educational attainment level",I,LTU,Lithuania,_T,Total,Y25T64,From 25 to 64 years,ISCED11A_0T2,Below upper secondary education,_T,Total,POP,Population,MILE_50,At or below 50% of median income,_T,Total,_Z,Not applicable,ED_NED,In education or not in education,EMP,Employment,_Z,Not applicable,PT_POP_SUB,Percentage of population in the same subgroup,OBS,Observed,_T,Total,EARNINGS,LSO-EARNINGS regular data collection,A,Annual,2022,,19.73215675354004,,A,Normal value,,,0,Units,1,One
DATAFLOW,OECD.EDU.IMEP:DSD_EAG_LSO_EA@DF_LSO_EARN_DISTR_MEDIAN(1.0),"Earners distribution based on their level of earnings relative to the overall median, by age group, gender and educational attainment level",I,LTU,Lithuania,_T,Total,Y25T64,From 25 to 64 years,ISCED11A_5T8,Tertiary education,_T,Total,POP,Population,MIGT_200,Above 200% of median income,_T,Total,_Z,Not applicable,ED_NED,In education or not in education,EMP,Employment,_Z,Not applicable,PT_POP_SUB,Percentage of population in the same subgroup,OBS,Observed,_T,Total,EARNINGS,LSO-EARNINGS regular data collection,A,Annual,2022,,22.36133766174316,,A,Normal value,,,0,Units,1,One
DATAFLOW,OECD.EDU.IMEP:DSD_EAG_LSO_EA@DF_LSO_EARN_DISTR_MEDIAN(1.0),"Earners distribution based on their level of earnings relative to the overall median, by age group, gender and educational attainment level",I,LTU,Lithuania,_T,Total,Y25T64,From 25 to 64 years,ISCED11A_5T8,Tertiary education,_T,Total,POP,Population,MILE_50,At or below 50% of median income,_T,Total,_Z,Not applicable,ED_NED,In education or not in education,EMP,Employment,_Z,Not applicable,PT_POP_SUB,Percentage of population in the same subgroup,OBS,Observed,_T,Total,EARNINGS,LSO-EARNINGS regular data collection,A,Annual,2022,,12.35500335693359,,A,Normal value,,,0,Units,1,One
DATAFLOW,OECD.EDU.IMEP:DSD_EAG_LSO_EA@DF_LSO_EARN_DISTR_MEDIAN(1.0),"Earners distribution based on their level of earnings relative to the overall median, by age group, gender and educational attainment level",I,LTU,Lithuania,_T,Total,Y25T64,From 25 to 64 years,ISCED11A_3_4,Upper secondary or post-secondary non-tertiary education,_T,Total,POP,Population,MILE_50,At or below 50% of median income,_T,Total,_Z,Not applicable,ED_NED,In education or not in education,EMP,Employment,_Z,Not applicable,PT_POP_SUB,Percentage of population in the same subgroup,OBS,Observed,_T,Total,EARNINGS,LSO-EARNINGS regular data collection,A,Annual,2022,,16.5745677947998,,A,Normal value,,,0,Units,1,One
DATAFLOW,OECD.EDU.IMEP:DSD_EAG_LSO_EA@DF_LSO_EARN_DISTR_MEDIAN(1.0),"Earners distribution based on their level of earnings relative to the overall median, by age group, gender and educational attainment level",I,LTU,Lithuania,_T,Total,Y25T64,From 25 to 64 years,ISCED11A_5T8,Tertiary education,_T,Total,POP,Population,MIGT_150_LE200,Above 150% but at or below 200% of median income,_T,Total,_Z,Not applicable,ED_NED,In education or not in education,EMP,Employment,_Z,Not applicable,PT_POP_SUB,Percentage of population in the same subgroup,OBS,Observed,_T,Total,EARNINGS,LSO-EARNINGS regular data collection,A,Annual,2022,,18.22953414916992,,A,Normal value,,,0,Units,1,One
DATAFLOW,OECD.EDU.IMEP:DSD_EAG_LSO_EA@DF_LSO_EARN_DISTR_MEDIAN(1.0),"Earners distribution based on their level of earnings relative to the overall median, by age group, gender and educational attainment level",I,LTU,Lithuania,_T,Total,Y25T64,From 25 to 64 years,ISCED11A_5T8,Tertiary education,_T,Total,POP,Population,MIGT_50_LE100,Above 50% but at or below 100% of median income,_T,Total,_Z,Not applicable,ED_NED,In education or not in education,EMP,Employment,_Z,Not applicable,PT_POP_SUB,Percentage of population in the same subgroup,OBS,Observed,_T,Total,EARNINGS,LSO-EARNINGS regular data collection,A,Annual,2022,,22.15299415588379,,A,Normal value,,,0,Units,1,One
DATAFLOW,OECD.EDU.IMEP:DSD_EAG_LSO_EA@DF_LSO_EARN_DISTR_MEDIAN(1.0),"Earners distribution based on their level of earnings relative to the overall median, by age group, gender and educational attainment level",I,LTU,Lithuania,_T,Total,Y25T64,From 25 to 64 years,ISCED11A_0T2,Below upper secondary education,_T,Total,POP,Population,MIGT_100_LE150,Above 100% but at or below 150% of median income,_T,Total,_Z,Not applicable,ED_NED,In education or not in education,EMP,Employment,_Z,Not applicable,PT_POP_SUB,Percentage of population in the same subgroup,OBS,Observed,_T,Total,EARNINGS,LSO-EARNINGS regular data collection,A,Annual,2022,,21.34331893920898,,A,Normal value,,,0,Units,1,One
DATAFLOW,OECD.EDU.IMEP:DSD_EAG_LSO_EA@DF_LSO_EARN_DISTR_MEDIAN(1.0),"Earners distribution based on their level of earnings relative to the overall median, by age group, gender and educational attainment level",I,LTU,Lithuania,_T,Total,Y25T64,From 25 to 64 years,ISCED11A_3_4,Upper secondary or post-secondary non-tertiary education,_T,Total,POP,Population,MIGT_150_LE200,Above 150% but at or below 200% of median income,_T,Total,_Z,Not applicable,ED_NED,In education or not in education,EMP,Employment,_Z,Not applicable,PT_POP_SUB,Percentage of population in the same subgroup,OBS,Observed,_T,Total,EARNINGS,LSO-EARNINGS regular data collection,A,Annual,2022,,8.269431114196777,,A,Normal value,,,0,Units,1,One
DATAFLOW,OECD.EDU.IMEP:DSD_EAG_LSO_EA@DF_LSO_EARN_DISTR_MEDIAN(1.0),"Earners distribution based on their level of earnings relative to the overall median, by age group, gender and educational attainment level",I,LTU,Lithuania,_T,Total,Y25T64,From 25 to 64 years,ISCED11A_0T2,Below upper secondary education,_T,Total,POP,Population,MIGT_150_LE200,Above 150% but at or below 200% of median income,_T,Total,_Z,Not applicable,ED_NED,In education or not in education,EMP,Employment,_Z,Not applicable,PT_POP_SUB,Percentage of population in the same subgroup,OBS,Observed,_T,Total,EARNINGS,LSO-EARNINGS regular data collection,A,Annual,2022,,5.723966598510742,,A,Normal value,,,0,Units,1,One
DATAFLOW,OECD.EDU.IMEP:DSD_EAG_LSO_EA@DF_LSO_EARN_DISTR_MEDIAN(1.0),"Earners distribution based on their level of earnings relative to the overall median, by age group, gender and educational attainment level",I,LTU,Lithuania,_T,Total,Y25T64,From 25 to 64 years,ISCED11A_3_4,Upper secondary or post-secondary non-tertiary education,_T,Total,POP,Population,MIGT_50_LE100,Above 50% but at or below 100% of median income,_T,Total,_Z,Not applicable,ED_NED,In education or not in education,EMP,Employment,_Z,Not applicable,PT_POP_SUB,Percentage of population in the same subgroup,OBS,Observed,_T,Total,EARNINGS,LSO-EARNINGS regular data collection,A,Annual,2022,,48.41292190551758,,A,Normal value,,,0,Units,1,One
DATAFLOW,OECD.EDU.IMEP:DSD_EAG_LSO_EA@DF_LSO_EARN_DISTR_MEDIAN(1.0),"Earners distribution based on their level of earnings relative to the overall median, by age group, gender and educational attainment level",I,LTU,Lithuania,_T,Total,Y25T64,From 25 to 64 years,ISCED11A_0T2,Below upper secondary education,_T,Total,POP,Population,MIGT_50_LE100,Above 50% but at or below 100% of median income,_T,Total,_Z,Not applicable,ED_NED,In education or not in education,EMP,Employment,_Z,Not applicable,PT_POP_SUB,Percentage of population in the same subgroup,OBS,Observed,_T,Total,EARNINGS,LSO-EARNINGS regular data collection,A,Annual,2022,,50.84308242797852,,A,Normal value,,,0,Units,1,One
DATAFLOW,OECD.EDU.IMEP:DSD_EAG_LSO_EA@DF_LSO_EARN_DISTR_MEDIAN(1.0),"Earners distribution based on their level of earnings relative to the overall median, by age group, gender and educational attainment level",I,LTU,Lithuania,_T,Total,Y25T64,From 25 to 64 years,ISCED11A_3_4,Upper secondary or post-secondary non-tertiary education,_T,Total,POP,Population,MIGT_100_LE150,Above 100% but at or below 150% of median income,_T,Total,_Z,Not applicable,ED_NED,In education or not in education,EMP,Employment,_Z,Not applicable,PT_POP_SUB,Percentage of population in the same subgroup,OBS,Observed,_T,Total,EARNINGS,LSO-EARNINGS regular data collection,A,Annual,2022,,23.23338508605957,,A,Normal value,,,0,Units,1,One
DATAFLOW,OECD.EDU.IMEP:DSD_EAG_LSO_EA@DF_LSO_EARN_DISTR_MEDIAN(1.0),"Earners distribution based on their level of earnings relative to the overall median, by age group, gender and educational attainment level",I,LTU,Lithuania,_T,Total,Y25T64,From 25 to 64 years,ISCED11A_5T8,Tertiary education,_T,Total,POP,Population,MIGT_100,Above 100% of median income,_T,Total,_Z,Not applicable,ED_NED,In education or not in education,EMP,Employment,_Z,Not applicable,PT_POP_SUB,Percentage of population in the same subgroup,OBS,Observed,_T,Total,EARNINGS,LSO-EARNINGS regular data collection,A,Annual,2022,,65.49200439453125,,A,Normal value,,,0,Units,1,One
